title,product_url,image_url,image_file
A Frames Signs,https://nukreationz.com/product/a-frames-signs/,https://nukreationz.com/files/uploads/2021/02/mockup-corel-2.jpg,a-frames-signs.jpg
Page not found,https://nukreationz.com/product/a1-posters-2,,
A1 Posters Printing In Nigeria,https://nukreationz.com/product/a1-posters/,https://nukreationz.com/files/uploads/A1-Posters.jpg,a1-posters.jpg
Page not found,https://nukreationz.com/product/a2-posters-2,,
Page not found,https://nukreationz.com/product/a2-posters-2/,,
A2 Posters,https://nukreationz.com/product/a2-posters/,https://nukreationz.com/files/uploads/A2-Posters.jpg,a2-posters.jpg
A2 Wall Calendar 13 Sheets,https://nukreationz.com/product/a2-wall-calendar-13-sheets/,https://nukreationz.com/files/uploads/A2-Wall-Calendar-13-Sheets.jpg,a2-wall-calendar-13-sheets.jpg
A2 Wall Calendar 7 Sheets,https://nukreationz.com/product/a2-wall-calendar-7-sheets/,https://nukreationz.com/files/uploads/A2-Wall-Calendar-7-Sheets.jpg,a2-wall-calendar-7-sheets.jpg
A3 Posters,https://nukreationz.com/product/a3-posters/,https://nukreationz.com/files/uploads/A3-Posters.jpg,a3-posters.jpg
A3 Wall Calendar 13 Sheets,https://nukreationz.com/product/a3-wall-calendar-13sheets/,https://nukreationz.com/files/uploads/A3-Wall-Calendar-15-Sheets.jpg,a3-wall-calendar-13sheets.jpg
A3 Wall Calendar 7 Sheets,https://nukreationz.com/product/a3-wall-calendar-7sheets/,https://nukreationz.com/files/uploads/A3-Wall-Calendar-7-Sheets.jpg,a3-wall-calendar-7sheets.jpg
A4 Bi,https://nukreationz.com/product/a4-bi-fold-brochures/,https://nukreationz.com/files/uploads/A4-Bi-fold-Brochures.jpg,a4-bi-fold-brochures.jpg
A4 Branded Paper Bags,https://nukreationz.com/product/a4-branded-paper-bags/,https://nukreationz.com/files/uploads/A4-Branded-Paper-Bags_Nukreationz.com_.ng_.jpg,a4-branded-paper-bags.jpg
A4 Flyers Single Sided,https://nukreationz.com/product/a4-flyers-single-sided/,https://nukreationz.com/files/uploads/A4-Flters-Single-Sided-Nukreationz.com_.ng_.jpg,a4-flyers-single-sided.jpg
A4 Trifold Brochures,https://nukreationz.com/product/a4-trifold-brochures/,https://nukreationz.com/files/uploads/2018/12/Trifold-Brochure.png,a4-trifold-brochures.png
A5 Bi,https://nukreationz.com/product/a5-bi-fold-brochures/,https://nukreationz.com/files/uploads/A5-Bi-fold-Brochures.jpg,a5-bi-fold-brochures.jpg
Customized A5 Leather Notepad at the best price,https://nukreationz.com/product/a5-diaries,https://nukreationz.com/files/uploads/2020/12/A5-Diary.jpg,a5-diaries.jpg
Customized A5 Leather Notepad at the best price,https://nukreationz.com/product/a5-diaries/,https://nukreationz.com/files/uploads/2020/12/A5-Diary.jpg,a5-diaries.jpg
A5 Flyers Double Sided,https://nukreationz.com/product/a5-flyers-double-sided/,https://nukreationz.com/files/uploads/A5-Flyer-Double-Sided-Nukreationz.com_.ng_.jpg,a5-flyers-double-sided.jpg
A5 Flyers Single Sided Events and Promotions at Reasonable prices,https://nukreationz.com/product/a5-flyers-single-sided/,https://nukreationz.com/files/uploads/A5-Flyer-Single-Sided-Nukreationz.com_.ng_.jpg,a5-flyers-single-sided.jpg
A5 Table Calendar 13 Sheets,https://nukreationz.com/product/a5-table-calendar-13-sheets/,https://nukreationz.com/files/uploads/A5-Table-Calendar-13-sheets.jpg,a5-table-calendar-13-sheets.jpg
A5 Table Calendar 7 Sheets,https://nukreationz.com/product/a5-table-calendar-7sheets/,https://nukreationz.com/files/uploads/A5-Table-Calendar-7-sheets.jpg,a5-table-calendar-7sheets.jpg
Customized A6 Leather Notepad at affordable prices,https://nukreationz.com/product/a6-diaries/,https://nukreationz.com/files/uploads/2020/12/A6-Diary.jpg,a6-diaries.jpg
A6 Flyers Double Sided,https://nukreationz.com/product/a6-flyers-double-sided/,https://nukreationz.com/files/uploads/A6-Flyer-Double-Sided-Nukreationz.com_.ng_.jpg,a6-flyers-double-sided.jpg
A6 Flyers Single Sided,https://nukreationz.com/product/a6-flyers-single-sided/,https://nukreationz.com/files/uploads/Postcards-A6-Nukreationz.com_.ng_.jpg,a6-flyers-single-sided.jpg
Ankara Mugs of Best Quality,https://nukreationz.com/product/ankara-mugs/,https://nukreationz.com/files/uploads/2020/08/WhatsApp-Image-2022-12-14-at-11.13.44-AM.jpeg,ankara-mugs.jpeg
Ankara Notepad,https://nukreationz.com/product/ankara-notepad/,https://nukreationz.com/files/uploads/2020/10/IMG_1934-1024x683.jpg,ankara-notepad.jpg
Backdrop Banners,https://nukreationz.com/product/backdrop-banners/,https://nukreationz.com/files/uploads/2018/12/mockup-corel-3.jpg,backdrop-banners.jpg
Branded A4 Tote Bags,https://nukreationz.com/product/branded-a4-tote-bags/,https://nukreationz.com/files/uploads/Tote-Bags-Nukreationz.com_.ng_.jpg,branded-a4-tote-bags.jpg
Branded Business Card Cases,https://nukreationz.com/product/branded-business-card-cases/,https://nukreationz.com/files/uploads/2018/12/Business-Card-Cases.png,branded-business-card-cases.png
Page not found,https://nukreationz.com/product/branded-flashdrives/,,
Page not found,https://nukreationz.com/product/branded-keyrings-2/,,
Mouse Pads As Corporate Gift,https://nukreationz.com/product/branded-mouse-pads/,https://nukreationz.com/files/uploads/2018/12/mouse-pad.jpeg,branded-mouse-pads.jpeg
Branded Power Banks,https://nukreationz.com/product/branded-power-banks/,https://nukreationz.com/files/uploads/2020/12/power-bank-1.jpg,branded-power-banks.jpg
Smart coffee mug,https://nukreationz.com/product/branded-smart-coffee-mug/,https://nukreationz.com/files/uploads/2023/09/smart-mug.png,branded-smart-coffee-mug.png
Branded A3 Tote Bags,https://nukreationz.com/product/branded-tote-bags/,https://nukreationz.com/files/uploads/2023/09/tote-bag.png,branded-tote-bags.png
Branded wooden clock,https://nukreationz.com/product/branded-wooden-clock/,https://nukreationz.com/files/uploads/2023/09/Wooden-clock.png,branded-wooden-clock.png
Bumper Stickers (7&quot;x 3&quot;),https://nukreationz.com/product/bumper-stickers-7x-3/,https://nukreationz.com/files/uploads/Bumper-Stickers-Nukreationz.com_.ng_.jpg,bumper-stickers-7x-3.jpg
C4 Envelopes (Big A4),https://nukreationz.com/product/c4-big-a4-envelopes/,https://nukreationz.com/files/uploads/2018/12/mockup-corel-7.jpg,c4-big-a4-envelopes.jpg
Christmas Cards,https://nukreationz.com/product/christmas-cards/,https://nukreationz.com/files/uploads/Christmas-Cards-Nukreationz.com_.ng_.jpg,christmas-cards.jpg
Continuation Sheets,https://nukreationz.com/product/continuation-sheets-2-6/,https://nukreationz.com/files/uploads/Countinuation-Sheets-Nukreationz.com_.ng_.jpg,continuation-sheets-2-6.jpg
cooperate gift box,https://nukreationz.com/product/cooperate-gift-box/,https://nukreationz.com/files/uploads/2020/12/Corporate-Gift-Item3_Nukreationz.png,cooperate-gift-box.png
Custom A4 Letterheads,https://nukreationz.com/product/custom-a4-letterheads/,https://nukreationz.com/files/uploads/2019/01/mockup-corel-12.jpg,custom-a4-letterheads.jpg
Custom Block Pads,https://nukreationz.com/product/custom-block-pads/,https://nukreationz.com/files/uploads/Block-Pads.jpg,custom-block-pads.jpg
Custom Magic Mugs,https://nukreationz.com/product/custom-magic-mugs/,https://nukreationz.com/files/uploads/2018/12/nukreationz.com_.ng_Mug.png,custom-magic-mugs.png
Custom Mugs For Personal and Business Use,https://nukreationz.com/product/custom-mugs/,https://nukreationz.com/files/uploads/2018/12/Simple-Mugs-Nukreationz.com_.ng_.png,custom-mugs.png
Custom T,https://nukreationz.com/product/custom-t-shirts-black/,https://nukreationz.com/files/uploads/Black-Tshirts.jpg,custom-t-shirts-black.jpg
Custom T,https://nukreationz.com/product/custom-t-shirts-off-white/,https://nukreationz.com/files/uploads/Off-White-Tshirts.jpg,custom-t-shirts-off-white.jpg
Custom T,https://nukreationz.com/product/custom-t-shirts/,https://nukreationz.com/files/uploads/revslider/layout-basic-12/Nukreationz.com_.ng_mobile-slides-1.png,custom-t-shirts.png
Custom Water Bottles For Event Gifts and Brand Promotions,https://nukreationz.com/product/custom-water-bottles/,https://nukreationz.com/files/uploads/2018/12/WhatsApp-Image-2023-02-06-at-2.01.52-PM.jpeg,custom-water-bottles.jpeg
Print Custom X,https://nukreationz.com/product/custom-x-large-paper-bags/,https://nukreationz.com/files/uploads/2018/12/mockup-corel-8.jpg,custom-x-large-paper-bags.jpg
Customized Trucker Caps,https://nukreationz.com/product/customized-trucker-caps/,https://nukreationz.com/files/uploads/Trucker-Caps.jpg,customized-trucker-caps.jpg
Digital Luggage Scale,https://nukreationz.com/product/digital-luggage-scale/,https://nukreationz.com/files/uploads/2023/09/Digital-Luggage-weighing-Scale.png,digital-luggage-scale.png
DL Flyers (2 Sided),https://nukreationz.com/product/dl-flyers-2-sided/,https://nukreationz.com/files/uploads/DL-Flyers-2Sided-Nukreationz.com_.ng_.jpg,dl-flyers-2-sided.jpg
DL flyers (one sided) printing in Lagos Nigeria,https://nukreationz.com/product/dl-flyers/,https://nukreationz.com/files/uploads/DL-Flyers-Nukreationz.com_.ng_.jpg,dl-flyers.jpg
DL Small Envelopes,https://nukreationz.com/product/dl-small-envelopes/,https://nukreationz.com/files/uploads/DL-Small-Envelopes.jpg,dl-small-envelopes.jpg
Dummy Cheque,https://nukreationz.com/product/dummy-cheque/,https://nukreationz.com/files/uploads/Dummy-Cheque-Nukreationz.com_.ng_.jpg,dummy-cheque.jpg
e Complimentary Card Design,https://nukreationz.com/product/e-complimentary-card-design/,https://nukreationz.com/files/uploads/2020/05/Business-Card.jpg,e-complimentary-card-design.jpg
E Letterhead Design,https://nukreationz.com/product/e-letterhead-design/,https://nukreationz.com/files/uploads/2020/05/letterhead.jpg,e-letterhead-design.jpg
Customized Face Caps From N3000,https://nukreationz.com/product/face-caps/,https://nukreationz.com/files/uploads/2020/11/PicsArt_11-11-07.36.411-1024x1024.jpg,face-caps.jpg
Flex Banners Large (7ft x 3ft),https://nukreationz.com/product/flex-banners-large-7ft-x-3ft/,https://nukreationz.com/files/uploads/Flex-Banner-Large-7ft-x-3ft-Nukreationz.com_.ng_.jpg,flex-banners-large-7ft-x-3ft.jpg
Flex Banners Medium (5ft x 3ft),https://nukreationz.com/product/flex-banners-medium-5ft-x-3ft/,https://nukreationz.com/files/uploads/Flex-Banner-Medium-5ft-x-3ft.jpg,flex-banners-medium-5ft-x-3ft.jpg
Food and Drink Menu Cards,https://nukreationz.com/product/food-drink-menus/,https://nukreationz.com/files/uploads/Food-Drinks-Menu-Nukreationz.com_.ng_.jpg,food-drink-menus.jpg
Gift Box at the best price,https://nukreationz.com/product/gift-box/,https://nukreationz.com/files/uploads/2023/09/box-2.png,gift-box.png
Greeting Cards,https://nukreationz.com/product/greeting-cards/,https://nukreationz.com/files/uploads/2021/02/greeting.jpg,greeting-cards.jpg
His &amp; Hers Mugs,https://nukreationz.com/product/his-hers-mugs/,https://nukreationz.com/files/uploads/2018/12/mockup-corel-10.jpg,his-hers-mugs.jpg
Instagram Frame Boards,https://nukreationz.com/product/instagram-frame-boards/,https://nukreationz.com/files/uploads/Instagram-Frame-Boards-Nukreationz.com_.ng_.jpg,instagram-frame-boards.jpg
Landscape Canvas Printing in Lagos,https://nukreationz.com/product/landscape-canvas/,https://nukreationz.com/files/uploads/Landscape-Canvas.jpg,landscape-canvas.jpg
Landscape Identity Cards,https://nukreationz.com/product/landscape-identity-cards/,https://nukreationz.com/files/uploads/Landscape-Identity-Card.jpg,landscape-identity-cards.jpg
Large Paper Bags,https://nukreationz.com/product/large-paper-bags-a3-sized/,https://nukreationz.com/files/uploads/Large-Paper-Bags-Nukreationz.com_.ng_.jpg,large-paper-bags-a3-sized.jpg
Navy Blue T,https://nukreationz.com/product/navy-blue-t-shirts/,https://nukreationz.com/files/uploads/Navy-Blue-Tshirts.jpg,navy-blue-t-shirts.jpg
Page not found,https://nukreationz.com/product/one-sided-business-cards-2/,,
One sided Business Cards,https://nukreationz.com/product/one-sided-business-cards/,https://nukreationz.com/files/uploads/2018/12/BUSINESS-CARD-one-side.jpg,one-sided-business-cards.jpg
Pillow Bags A4,https://nukreationz.com/product/pillow-bags-a4/,https://nukreationz.com/files/uploads/Pillow-Bags-A-Nukreationz.com_.ng_.jpg,pillow-bags-a4.jpg
Pillow Bags A5 in Lagos,https://nukreationz.com/product/pillow-bags-a5/,https://nukreationz.com/files/uploads/Pillow-Bags-A5-Nukreationz.com_.ng_.jpg,pillow-bags-a5.jpg
Portrait Identity Cards with lanyard (Coloured Back),https://nukreationz.com/product/portrait-identity-cards-with-lanyard-coloured-back/,https://nukreationz.com/files/uploads/Portrait-Identity-Card.jpg,portrait-identity-cards-with-lanyard-coloured-back.jpg
Portrait Identity Cards with lanyard (Coloured Back),https://nukreationz.com/product/portrait-identity-cards/,https://nukreationz.com/files/uploads/Portrait-Identity-Card.jpg,portrait-identity-cards.jpg
Postcards (A6),https://nukreationz.com/product/postcards-a6/,https://nukreationz.com/files/uploads/Postcards-A6-Nukreationz.com_.ng_.jpg,postcards-a6.jpg
Presentation folders in Lagos,https://nukreationz.com/product/presentation-folders/,https://nukreationz.com/files/uploads/Presentation-Folder.jpg,presentation-folders.jpg
Professional Signature e,https://nukreationz.com/product/professional-signature-e-card/,https://nukreationz.com/files/uploads/2020/09/David.jpg,professional-signature-e-card.jpg
Ramadan Cards,https://nukreationz.com/product/ramadan-cards/,https://nukreationz.com/files/uploads/Ramadan-Cards-Nukreationz.com_.ng_.jpg,ramadan-cards.jpg
Rechargeable Humidifier,https://nukreationz.com/product/rechargeable-humidifier/,https://nukreationz.com/files/uploads/2023/09/Rechargeable-Humidifier.png,rechargeable-humidifier.png
Page not found,https://nukreationz.com/product/request-design-a2-wall-calendar-13-sheets/,,
Page not found,https://nukreationz.com/product/request-design-a2-wall-calendar-7-sheets/,,
Page not found,https://nukreationz.com/product/request-design-backdrop-banners/,,
Page not found,https://nukreationz.com/product/request-design-flex-banners-large-7ft-x-3ft/,,
Page not found,https://nukreationz.com/product/request-design-flex-banners-medium-5ft-x-3ft/,,
Page not found,https://nukreationz.com/product/request-design-roll-up-banners-small-base/,,
Page not found,https://nukreationz.com/product/request-design-spiral-notepads/,,
Page not found,https://nukreationz.com/product/request-design-teardrop-banners-3ft-by-8ft/,,
Page not found,https://nukreationz.com/product/request-design-waterbase-poster-signs/,,
Page not found,https://nukreationz.com/product/request-design-x-banner/,,
Roll Up Banners (Small Base),https://nukreationz.com/product/roll-up-banners-with-flex-material-plus-base/,https://nukreationz.com/files/uploads/2018/12/mockup-corel-1.png,roll-up-banners-with-flex-material-plus-base.png
Roll Up Banners with solite material plus base,https://nukreationz.com/product/roll-up-banners-with-solite-material-plus-base/,https://nukreationz.com/files/uploads/2018/12/Roll-Up-Banner-Big-Base.jpg,roll-up-banners-with-solite-material-plus-base.jpg
Round Stickers (3.5&quot; Diameter),https://nukreationz.com/product/round-stickers-3-5-diameter/,https://nukreationz.com/files/uploads/2018/12/mockup-corel-11.jpg,round-stickers-3-5-diameter.jpg
Save The Date Cards,https://nukreationz.com/product/save-the-date-a6-sizes/,https://nukreationz.com/files/uploads/Save-The-Date-A6-Sizes-Nukreationz.com_.ng_.jpg,save-the-date-a6-sizes.jpg
Small Paper Bags A5  in Nigeria,https://nukreationz.com/product/small-paper-bags-a5/,https://nukreationz.com/files/uploads/2018/12/mockup-corel-15.jpg,small-paper-bags-a5.jpg
Snapper Frame,https://nukreationz.com/product/snapper-frame/,https://nukreationz.com/files/uploads/Snapper-Frame.jpg,snapper-frame.jpg
Spiral Notepads,https://nukreationz.com/product/spiral-notepads/,https://nukreationz.com/files/uploads/2018/11/Spiral-Notepad.png,spiral-notepads.png
Page not found,https://nukreationz.com/product/square-business-cards-1-sided-2,,
Print Square Business Cards in Lagos Nigeria,https://nukreationz.com/product/square-business-cards-1-sided/,https://nukreationz.com/files/uploads/2018/12/SQUARE-BUSINESS-CARD-one-side.jpg,square-business-cards-1-sided.jpg
Page not found,https://nukreationz.com/product/square-business-cards-2-sided-2,,
Square Business Cards in Lagos Nigeria,https://nukreationz.com/product/square-business-cards-2-sided/,https://nukreationz.com/files/uploads/2018/12/SQUARE-BUSINESS-CARD-two-sides.jpg,square-business-cards-2-sided.jpg
Square Canvas Print in Lagos,https://nukreationz.com/product/square-canvas-print/,https://nukreationz.com/files/uploads/Square-Canvas-Print.jpg,square-canvas-print.jpg
Square Christmas Cards,https://nukreationz.com/product/square-christmas-cards/,https://nukreationz.com/files/uploads/Square-Christmas-Cards-Nukreationz.com_.ng_.jpg,square-christmas-cards.jpg
Square Stickers (3.5&quot; X 3.5&quot;),https://nukreationz.com/product/square-stickers-3-5-x-3-5/,https://nukreationz.com/files/uploads/Square-Stickers-Nukreationz.com_.ng_.jpg,square-stickers-3-5-x-3-5.jpg
Page not found,https://nukreationz.com/product/submit-a-brief-a6-flyers-double-sided/,,
Page not found,https://nukreationz.com/product/submit-a-brief-a6-flyers-single-sided/,,
Page not found,https://nukreationz.com/product/submit-a-brief-branded-business-card-cases/,,
Page not found,https://nukreationz.com/product/submit-a-brief-dl-flyers-2-sided/,,
Page not found,https://nukreationz.com/product/submit-a-brief-landscape-canvas/,,
Page not found,https://nukreationz.com/product/submit-a-brief-portrait-identity-cards,,
Page not found,https://nukreationz.com/product/submit-a-brief-postcards-a6/,,
Page not found,https://nukreationz.com/product/submit-a-brief-premium-wedding-invitation/,,
Page not found,https://nukreationz.com/product/submit-a-brief-presentation-folder,,
Page not found,https://nukreationz.com/product/submit-a-brief-save-the-date/,,
Page not found,https://nukreationz.com/product/submit-a-brief-square-canvas-print/,,
Page not found,https://nukreationz.com/product/submit-a-brief-square-stickers-3-5-x-3-5,,
Page not found,https://nukreationz.com/product/submit-a-brief-trifold-brochures,,
Page not found,https://nukreationz.com/product/submit-a-brief-water-bottles/,,
"Suction Mugs, spill",https://nukreationz.com/product/suction-mugs/,https://nukreationz.com/files/uploads/2020/12/suction-mug.jpg,suction-mugs.jpg
Teardrop Banners (3ft by 8ft),https://nukreationz.com/product/teardrop-banners-3ft-by-8ft/,https://nukreationz.com/files/uploads/Teadrop-Banners-3ft-by-8ft.jpg,teardrop-banners-3ft-by-8ft.jpg
Thank You Cards,https://nukreationz.com/product/thank-you-cards/,https://nukreationz.com/files/uploads/Thank-You-Cards-Nukreationz.com_.ng_.jpg,thank-you-cards.jpg
Throw Pillows,https://nukreationz.com/product/throw-pillows/,https://nukreationz.com/files/uploads/Throw-Pillows.jpg,throw-pillows.jpg
Page not found,https://nukreationz.com/product/two-sided-business-cards-2/,,
Two,https://nukreationz.com/product/two-sided-business-cards/,https://nukreationz.com/files/uploads/2018/12/mockup-corel-6.jpg,two-sided-business-cards.jpg
Custom Water Bottles For Event Gifts and Brand Promotions,https://nukreationz.com/product/water-bottles/,https://nukreationz.com/files/uploads/2018/12/WhatsApp-Image-2023-02-06-at-2.01.52-PM.jpeg,water-bottles.jpeg
Waterbase Poster Signs,https://nukreationz.com/product/waterbase-poster-signs/,https://nukreationz.com/files/uploads/Waterbase-Poster-Signs.jpg,waterbase-poster-signs.jpg
Wedding Invitation,https://nukreationz.com/product/wedding-invitation/,https://nukreationz.com/files/uploads/2018/12/Wedding-IV.png,wedding-invitation.png
Wine Paper Bags,https://nukreationz.com/product/wine-paper-bags/,https://nukreationz.com/files/uploads/wine-Nukreationz.com_.ng_.png,wine-paper-bags.png
Wireless Charger at the best price,https://nukreationz.com/product/wireless-charger-2/,https://nukreationz.com/files/uploads/2023/09/6-in-1-wireless-charger-1.png,wireless-charger-2.png
X Banner Print in Lagos,https://nukreationz.com/product/x-banner/,https://nukreationz.com/files/uploads/X-Banner.jpg,x-banner.jpg
